,challenge,year,image_shape,is_bias_correction,is_denoise,is_normalize,is_hist_match,model_name,model_dim,depth_unet,n_base_filters_unet,loss,patch_shape,dice_WholeTumor,dice_TumorCore,dice_EnhancingTumor,dice_Mean
brats_2018_is-160-192-128_crop-1_bias-1_denoise-0_norm-z_hist-0_ps-160-192-3_unet25d_crf-0_d-4_nb-16_loss-weighted_aug-1_model,brats,2018,160-192-128,1,0,z,0,unet,25,4,16,weighted,160-192-3,0.05939505411985359,0.02354507349892099,0.009725665406829249,0.030888597675201274
brats_2018_is-160-192-128_crop-1_bias-1_denoise-0_norm-z_hist-0_ps-160-192-5_unet25d_crf-0_d-4_nb-16_loss-weighted_aug-1_model,brats,2018,160-192-128,1,0,z,0,unet,25,4,16,weighted,160-192-5,0.8392838563208297,0.736601570994808,0.6142368447207338,0.7300407573454573
brats_2018_is-160-192-128_crop-1_bias-1_denoise-0_norm-z_hist-0_ps-160-192-7_unet25d_crf-0_d-4_nb-16_loss-weighted_aug-1_model,brats,2018,160-192-128,1,0,z,0,unet,25,4,16,weighted,160-192-7,0.8448637533387998,0.7405785548313172,0.6290760651102687,0.7381727910934619
brats_2018_is-160-192-128_crop-1_bias-1_denoise-0_norm-z_hist-0_ps-160-192-9_unet25d_crf-0_d-4_nb-16_loss-weighted_aug-1_model,brats,2018,160-192-128,1,0,z,0,unet,25,4,16,weighted,160-192-9,0.8382368322385324,0.7494726954451256,0.6392978483404579,0.7423357920080386
brats_2018_is-160-192-128_crop-1_bias-1_denoise-0_norm-z_hist-0_ps-160-192-11_unet25d_crf-0_d-4_nb-16_loss-weighted_aug-1_model,brats,2018,160-192-128,1,0,z,0,unet,25,4,16,weighted,160-192-11,0.8172147993061711,0.7249503759821279,0.5568172211994209,0.6996607988292399
brats_2018_is-160-192-128_crop-1_bias-1_denoise-0_norm-z_hist-0_ps-160-192-13_unet25d_crf-0_d-4_nb-16_loss-weighted_aug-1_model,brats,2018,160-192-128,1,0,z,0,unet,25,4,16,weighted,160-192-13,0.7794667292123235,0.6709234783146666,0.48664688622184754,0.6456790312496126
brats_2018_is-160-192-128_crop-1_bias-1_denoise-0_norm-z_hist-0_ps-160-192-15_unet25d_crf-0_d-4_nb-16_loss-weighted_aug-1_model,brats,2018,160-192-128,1,0,z,0,unet,25,4,16,weighted,160-192-15,0.7540915319503738,0.6451294631387157,0.41106947031814706,0.6034301551357455
brats_2018_is-160-192-128_crop-1_bias-1_denoise-0_norm-z_hist-0_ps-160-192-17_unet25d_crf-0_d-4_nb-16_loss-weighted_aug-1_model,brats,2018,160-192-128,1,0,z,0,unet,25,4,16,weighted,160-192-17,0.730453334743489,0.6244848074260454,0.39498930458838594,0.5833091489193067
