,challenge,year,image_shape,is_bias_correction,is_denoise,is_normalize,is_hist_match,model_name,model_dim,loss,patch_shape,dice_WholeTumor,dice_TumorCore,dice_EnhancingTumor,dice_Mean
brats_2018_is-160-192-128_crop-1_bias-1_denoise-0_norm-z_hist-0_ps-160-192-128_m3d_crf-0_loss-weighted_model,brats,2018,160-192-128,1,0,z,0,m,3,weighted,160-192-128,0.8502767410416965,0.7267865379761117,0.6645244635355365,0.7471959141844483
brats_2018_is-160-192-128_crop-1_bias-1_denoise-bm4d_norm-01_hist-0_ps-128-128-128_m3d_crf-0_loss-weighted_model,brats,2018,160-192-128,1,bm4d,01,0,m,3,weighted,128-128-128,0.8186129537245768,0.6124139253169332,0.6306287880975205,0.68721855571301
brats_2018_is-160-192-128_crop-1_bias-1_denoise-0_norm-z_hist-0_ps-160-192-128_m23d_crf-0_loss-weighted_model,brats,2018,160-192-128,1,0,z,0,m2,3,weighted,160-192-128,0.8407807846713076,0.7180483840166686,0.655399310132752,0.7380761596069094
