,WholeTumor,TumorCore,EnhancingTumor,All
brats_2018_is-160-192-128_crop-1_bias-1_denoise-0_norm-z_hist-0_ps-160-192-128_unet3d_crf-0_d-4_nb-16_loss-minh_model,0.8635660135580513,0.7321229811385432,0.6525513477339281,0.7494134474768409
brats_2018_is-160-192-128_crop-1_bias-1_denoise-0_norm-z_hist-0_ps-160-192-128_isensee3d_crf-0_loss-minh_model,0.8541252034758129,0.7444761393741852,0.6705871865165957,0.7563961764555313
